{"position":{"x":22.51805305480957,"y":0.0319371223449707,"z":-0.7036159038543701},"quest":{"is1st":false,"is12st":false,"isClear":false},"equipItems":[{"instanceID":24466}],"itemList":[]}